id_	name	SMILES
A01	Benzene	C1=CC=CC=C1
A02	Toluene	CC1=CC=CC=C1
A03	o-Xylene	CC1=CC=CC=C1C
A04	m-Xylene	CC1=CC(=CC=C1)C
A05	p-Xylene	CC1=CC=C(C=C1)C
A06	Mesitylene	CC1=CC(=CC(=C1)C)C
A07	Pseudocumene	CC1=CC(=C(C=C1)C)C
A08	Hemimellitene	CC1=C(C(=CC=C1)C)C
A09	Prehnitene	CC1=C(C(=C(C=C1)C)C)C
A10	Pival	CC(C)(C)C(=O)C1C(=O)C2=CC=CC=C2C1=O
A11	Benzalazine	"C1=CC=C(C=C1)C=NN=CC2=CC=CC=C2
C1=CC=C(C=C1)C=NN=CC2=CC=CC=C2
C1=CC=C(C=C1)C=NN=CC2=CC=CC=C2
C1=CC=C(C=C1)C=NN=CC2=CC=CC=C2"
A12	Benzonitrile	C1=CC=C(C=C1)C#N
A13	Benzoic acid	C1=CC=C(C=C1)C(=O)O
A14	Anisole	COC1=CC=CC=C1
A15	Aniline	C1=CC=C(C=C1)N
A16	N,N-Dimethylaniline	CN(C)C1=CC=CC=C1
A17	Phenylacetone	CC(=O)CC1=CC=CC=C1
A18	Chlorobenzene	C1=CC=C(C=C1)Cl
A19	Iodobenzene	C1=CC=C(C=C1)I
A20	Nitrobenzene	C1=CC=C(C=C1)[N+](=O)[O-]
A21	Styrene	C=CC1=CC=CC=C1
A22	Phenylacetonitrile	C1=CC=C(C=C1)CC#N
A23	1,4-Dichlorobenzene	C1=CC(=CC=C1Cl)Cl
A24	Phenylglyoxal	C1=CC=C(C=C1)C(=O)C=O
A25	Phenylboronic acid	B(C1=CC=CC=C1)(O)O
A26	Vanillin	COC1=C(C=CC(=C1)C=O)O
A27	3-Hydroxyacetophenone	CC(=O)C1=CC(=CC=C1)O
A28	p-Anisaldehyde	COC1=CC=C(C=C1)C=O
A29	4-Methylacetophenone	CC1=CC=C(C=C1)C(=O)C
A30	Galaxolide	CC1COCC2=CC3=C(C=C12)C(C(C3(C)C)C)(C)C
A31	Terpineol	CC1=CCC(CC1)C(C)(C)O
A32	Phenylhydrazine	C1=CC=C(C=C1)NN
A33	Tetrahydronaphthalene	C1CCC2=CC=CC=C2C1
A34	N-Phenylphthalimide	C1=CC=C(C=C1)N2C(=O)C3=CC=CC=C3C2=O
A35	Isosafrole	CC=CC1=CC2=C(C=C1)OCO2
A36	Benzophenone	C1=CC=C(C=C1)C(=O)C2=CC=CC=C2
A37	4-Chloroacetophenone	CC(=O)C1=CC=C(C=C1)Cl
A39	1,2,4,5-Tetrazine	C1=NN=CN=N1
A40	Hexafluorobenzene	C1(=C(C(=C(C(=C1F)F)F)F)F)F
A41	Furfural	C1=COC(=C1)C=O
B01	Biphenyl	C1=CC=C(C=C1)C2=CC=CC=C2
B02	p-Terphenyl	C1=CC=C(C=C1)C2=CC=C(C=C2)C3=CC=CC=C3
B03	p-Quaterphenyl	C1=CC=C(C=C1)C2=CC=C(C=C2)C3=CC=C(C=C3)C4=CC=CC=C4
B04	p-Quinquephenyl	C1=CC=C(C=C1)C2=CC=C(C=C2)C3=CC=C(C=C3)C4=CC=C(C=C4)C5=CC=CC=C5
B05	1,3,5-Triphenylbenzene	C1=CC=C(C=C1)C2=CC(=CC(=C2)C3=CC=CC=C3)C4=CC=CC=C4
B06	Benzidine	C1=CC(=CC=C1C2=CC=C(C=C2)N)N
B07	N,N'-Dimethylbenzidine	CNC1=CC=C(C=C1)C2=CC=C(C=C2)NC
B08	3,3',5,5'-Tetramethylbenzidine	CC1=CC(=CC(=C1N)C)C2=CC(=C(C(=C2)C)N)C
B12	rac-BINAP	C1=CC=C(C=C1)P(C2=CC=CC=C2)C3=C(C4=CC=CC=C4C=C3)C5=C(C=CC6=CC=CC=C65)P(C7=CC=CC=C7)C8=CC=CC=C8
B13	(R)-BINOL	C1=CC=C2C(=C1)C=CC(=C2C3=C(C=CC4=CC=CC=C43)O)O
C01	Naphthalene	C1=CC=C2C=CC=CC2=C1
C02	Anthracene	C1=CC=C2C=C3C=CC=CC3=CC2=C1
C03	Tetracene	C1=CC=C2C=C3C=C4C=CC=CC4=CC3=CC2=C1
C04	Pentacene	C1=CC=C2C=C3C=C4C=C5C=CC=CC5=CC4=CC3=CC2=C1
C05	Phenanthrene	C1=CC=C2C(=C1)C=CC3=CC=CC=C32
C06	Pyrene	C1=CC2=C3C(=C1)C=CC4=CC=CC(=C43)C=C2
C07	Triphenylene	C1=CC=C2C(=C1)C3=CC=CC=C3C4=CC=CC=C24
C08	9,10-Diphenylanthracene	C1=CC=C(C=C1)C2=C3C=CC=CC3=C(C4=CC=CC=C42)C5=CC=CC=C5
C09	9,10-Bis(phenylethynyl)anthracene	C1=CC=C(C=C1)C#CC2=C3C=CC=CC3=C(C4=CC=CC=C42)C#CC5=CC=CC=C5
C10	Rubrene	C1=CC=C(C=C1)C2=C3C=CC=CC3=C(C4=C(C5=CC=CC=C5C(=C24)C6=CC=CC=C6)C7=CC=CC=C7)C8=CC=CC=C8
C11	1,8-Naphthalic anhydride	C1=CC2=C3C(=C1)C(=O)OC(=O)C3=CC=C2
C12	2-Aminonaphthalene	C1=CC=C2C=C(C=CC2=C1)N
C13	2,3-Diaminonaphthalene	C1=CC=C2C=C(C(=CC2=C1)N)N
C14	8-Anilino-1-naphthalenesulfonic acid	C1=CC=C(C=C1)NC2=CC=CC3=C2C(=CC=C3)S(=O)(=O)O
C15	1,4,5,8-Naphthalenetetracarboxylic dianhydride	C1=CC2=C3C(=CC=C4C3=C1C(=O)OC4=O)C(=O)OC2=O
C16	Pyranine	"C1=CC2=C3C(=C(C=C2S(=O)(=O)[O-])S(=O)(=O)[O-])C=CC4=C(C=C(C1=C43)O)S(=O)(=O)[O-].[Na+].[Na+].[Na+]
C1=CC2=C3C(=C(C=C2S(=O)(=O)O)S(=O)(=O)O)C=CC4=C(C=C(C1=C43)O)S(=O)(=O)O
C1=CC2=C3C(=C(C=C2S(=O)(=O)[O-])S(=O)(=O)[O-])C=CC4=C(C=C(C1=C43)O)S(=O)(=O)[O-].[Na+].[Na+].[Na+]
C1=CC2=C3C(=C(C=C2S(=O)(=O)O)S(=O)(=O)O)C=CC4=C(C=C(C1=C43)O)S(=O)(=O)O.[Na+]
C1=CC2=C3C(=C(C=C2S(=O)(=O)O)S(=O)(=O)O)C=CC4=C(C=C(C1=C43)O)S(=O)(=O)O.[Na]"
D01	1,2-Diphenylacetylene	C1=CC=C(C=C1)C#CC2=CC=CC=C2
D02	cis-Stilbene	C1=CC=C(C=C1)C=CC2=CC=CC=C2
D03	trans-Stilbene	C1=CC=C(C=C1)C=CC2=CC=CC=C2
D04	1,4-Diphenylbutadiyne	C1=CC=C(C=C1)C#CC#CC2=CC=CC=C2
D05	1,4-Diphenylbutadiene	C1=CC=C(C=C1)C=CC=CC2=CC=CC=C2
D06	1,6-Diphenylhexatriene	C1=CC=C(C=C1)C=CC=CC=CC2=CC=CC=C2
D07	4-Dimethylamino-4'-nitrostilbene	CN(C)C1=CC=C(C=C1)C=CC2=CC=C(C=C2)[N+](=O)[O-]
D08	Curcumin	COC1=C(C=CC(=C1)C=CC(=O)CC(=O)C=CC2=CC(=C(C=C2)O)OC)O
D09	all trans-Retinal	CC1=C(C(CCC1)(C)C)C=CC(=CC=CC(=CC=O)C)C
D10	Beta-carotene	CC1=C(C(CCC1)(C)C)C=CC(=CC=CC(=CC=CC=C(C)C=CC=C(C)C=CC2=C(CCCC2(C)C)C)C)C
F01	L-Alanine	CC(C(=O)O)N
F02	L-Phenylalanine	C1=CC=C(C=C1)CC(C(=O)O)N
F03	L-Tyrosine	C1=CC(=CC=C1CC(C(=O)O)N)O
F04	L-Histidine	C1=C(NC=N1)CC(C(=O)O)N
F05	L-Tryptophan	C1=CC=C2C(=C1)C(=CN2)CC(C(=O)O)N
F06	Adenine	C1=NC2=NC=NC(=C2N1)N
F07	Guanine	C1=NC2=C(N1)C(=O)NC(=N2)N
F08	Cytosine	C1=C(NC(=O)N=C1)N
F09	Thymine	CC1=CNC(=O)NC1=O
F10	Uracil	C1=CNC(=O)NC1=O
F11	2-Amino-4-methylpyrimidine	CC1=NC(=NC=C1)N
F12	2,4-dihydroxy-6-methylpyrimidine	CC1=CC(=O)NC(=O)N1
F13	D-(-)-Salicin	C1=CC=C(C(=C1)CO)OC2C(C(C(C(O2)CO)O)O)O
F14	Riboflavin	CC1=CC2=C(C=C1C)N(C3=NC(=O)NC(=O)C3=N2)CC(C(C(CO)O)O)O
F15	L-Ascorbic acid	C(C(C1C(=C(C(=O)O1)O)O)O)O
F16	DL-alpha-Tocopherol	CC1=C(C2=C(CCC(O2)(C)CCCC(C)CCCC(C)CCCC(C)C)C(=C1O)C)C
F17	Vitamin K1	CC1=C(C(=O)C2=CC=CC=C2C1=O)CC=C(C)CCCC(C)CCCC(C)CCCC(C)C
F18	Folic acid	C1=CC(=CC=C1C(=O)NC(CCC(=O)O)C(=O)O)NCC2=CN=C3C(=N2)C(=O)NC(=N3)N
E01	Pyridine	C1=CC=NC=C1
E02	Pyridine N-oxide	C1=CC=[N+](C=C1)[O-]
E03	2-Acetylpyridine	CC(=O)C1=CC=CC=N1
E04	4-Dimethylaminopyridine	CN(C)C1=CC=NC=C1
E05	4-(4-Nitrobenzyl)pyridine	C1=CC(=CC=C1CC2=CC=NC=C2)[N+](=O)[O-]
E06	1,3,5-Triazine	C1=NC=NC=N1
E07	Phthalimide	C1=CC=C2C(=C1)C(=O)NC2=O
E08	2,2'-Bipyridine	C1=CC=NC(=C1)C2=CC=CC=N2
E09	4,4'-Bipyridine	C1=CN=CC=C1C2=CC=NC=C2
E10	Quinoline	C1=CC=C2C(=C1)C=CC=N2
E11	8-Quinoline carboxylic acid	C1=CC2=C(C(=C1)C(=O)O)N=CC=C2
E12	3-Quinoline carboxaldehyde	C1=CC=C2C(=C1)C=C(C=N2)C=O
E13	Benzothiazole	C1=CC=C2C(=C1)N=CS2
E14	Benzotriazole	C1=CC2=NNN=C2C=C1
E15	2-Methylbenzoxazole	CC1=NC2=CC=CC=C2O1
E16	Pyrrole	C1=CNC=C1
E17	Pyrrole-2-carboxaldehyde	C1=CNC(=C1)C=O
E18	Thiazole Orange	CC1=CC=C(C=C1)S(=O)(=O)[O-].CN1C2=CC=CC=C2SC1=CC3=CC=[N+](C4=CC=CC=C34)C
E19	Thioflavin T	CC1=CC2=C(C=C1)[N+](=C(S2)C3=CC=C(C=C3)N(C)C)C.[Cl-]
E20	Tris(2,2'-bipyridyl)ruthenium(II)	C1=CC=NC(=C1)C2=CC=CC=N2.C1=CC=NC(=C1)C2=CC=CC=N2.C1=CC=NC(=C1)C2=CC=CC=N2.[Ru+2]
E21	4-Chloro-7-nitrobenzofurazan	C1=C(C2=NON=C2C(=C1)Cl)[N+](=O)[O-]
E22	7-Benzylamino-4-nitrobenz-2-oxa-1,3-diazole	C1=CC=C(C=C1)CNC2=CC=C(C3=NON=C23)[N+](=O)[O-]
E23	Carbostyril 124	CC1=CC(=O)NC2=C1C=CC(=C2)N
E24	Quinoline Yellow	C1=CC=C2C(=C1)C=CC(=N2)C3C(=O)C4=CC=CC=C4C3=O
E25	2,3,5-Triphenyltetrazolium Chloride	C1=CC=C(C=C1)C2=NN([N+](=N2)C3=CC=CC=C3)C4=CC=CC=C4.[Cl-]
E26	Quinine sulfate	"COC1=CC2=C(C=CN=C2C=C1)C(C3CC4CCN3CC4C=C)O.COC1=CC2=C(C=CN=C2C=C1)C(C3CC4CCN3CC4C=C)O.OS(=O)(=O)O
COC1=CC2=C(C=CN=C2C=C1)C(C3CC4CCN3CC4C=C)O.OS(=O)(=O)O
COC1=CC2=C(C=CN=C2C=C1)C(C3CC4CCN3CC4C=C)O.COC1=CC2=C(C=CN=C2C=C1)C(C3CC4CCN3CC4C=C)O.O.O.OS(=O)(=O)O
COC1=CC2=C(C=CN=C2C=C1)C(C3CC4CCN3CC4C=C)O
COC1=CC2=C(C=CN=C2C=C1)C(C3CC4CCN3CC4C=C)O.OS(=O)(=O)O
COC1=CC2=C(C=CN=C2C=C1)C(C3CC4CCN3CC4C=C)O
COC1=CC2=C(C=CN=C2C=C1)C(C3CC4CCN3CC4C=C)O.COC1=CC2=C(C=CN=C2C=C1)C(C3CC4CCN3CC4C=C)O.OS(=O)(=O)O
COC1=CC2=C(C=CN=C2C=C1)C(C3CC4CCN3CC4C=C)O.OS(=O)(=O)O
COC1=CC2=C(C=CN=C2C=C1)C(C3CC4CCN3CC4C=C)O.OS(=O)(=O)O
COC1=CC2=C(C=CN=C2C=C1)C(C3CC4CCN3CC4C=C)O.COC1=CC2=C(C=CN=C2C=C1)C(C3CC4CCN3CC4C=C)O.OS(=O)(=O)O.Cl.Cl
COC1=CC2=C(C=CN=C2C=C1)C(C3CC4CCN3CC4C=C)O.OS(=O)(=O)O
COC1=CC2=C(C=CN=C2C=C1)C(C3CC4CCN3CC4C=C)O
COC1=CC2=C(C=CN=C2C=C1)C(C3CC4CCN3CC4C=C)O
COC1=CC2=C(C=CN=C2C=C1)C(C3CC4CCN3CC4C=C)O
COC1=CC2=C(C=CN=C2C=C1)C(C3CC4CCN3CC4C=C)O.COC1=CC2=C(C=CN=C2C=C1)C(C3CC4CCN3CC4C=C)O.OS(=O)(=O)O
COC1=CC2=C(C=CN=C2C=C1)C(C3CC4CCN3CC4C=C)O.COC1=CC2=C(C=CN=C2C=C1)C(C3CC4CCN3CC4C=C)O.OS(=O)(=O)O
[H+].[H+].COC1=CC2=C(C=CN=C2C=C1)C(C3CC4CCN3CC4C=C)O.COC1=CC2=C(C=CN=C2C=C1)C(C3CC4CCN3CC4C=C)O.[O-]S(=O)(=O)[O-]"
G01	1,4-Benzoquinone	C1=CC(=O)C=CC1=O
G02	Hydroquinone	C1=CC(=CC=C1O)O
G03	2,3,5,6-Tetrachloro-1,4-benzoquinone	C1(=C(C(=O)C(=C(C1=O)Cl)Cl)Cl)Cl
G04	Tetrachlorohydroquinone	C1(=C(C(=C(C(=C1Cl)Cl)O)Cl)Cl)O
G05	2,3,5,6-Tetramethyl-1,4-benzoquinone	CC1=C(C(=O)C(=C(C1=O)C)C)C
G06	2,3-Dichloro-5,6-dicyano-1,4-benzoquinone	C(#N)C1=C(C(=O)C(=C(C1=O)Cl)Cl)C#N
G07	3,4,5,6-Tetrachloro-1,2-benzoquinone	C1(=C(C(=O)C(=O)C(=C1Cl)Cl)Cl)Cl
G08	2,5-Diphenyl-1,4-benzoquinone	C1=CC=C(C=C1)C2=CC(=O)C(=CC2=O)C3=CC=CC=C3
G09	2,5-Di-tert-butyl-1,4-benzoquinone	CC(C)(C)C1=CC(=O)C(=CC1=O)C(C)(C)C
G10	Tetracyanoethylene	C(#N)C(=C(C#N)C#N)C#N
G11	7,7,8,8-Tetracyanoquinodimethane	C1=CC(=C(C#N)C#N)C=CC1=C(C#N)C#N
G12	1,4-Naphthoquinone	C1=CC=C2C(=O)C=CC(=O)C2=C1
G14	2,3-Dichloro-1,4-naphthoquinone	C1=CC=C2C(=C1)C(=O)C(=C(C2=O)Cl)Cl
G15	2-Methyl-1,4-naphthoquinone	CC1=CC(=O)C2=CC=CC=C2C1=O
G16	9,10-Phenanthrenequinone	C1=CC=C2C(=C1)C3=CC=CC=C3C(=O)C2=O
G17	1,2-Naphthoquinone	C1=CC=C2C(=C1)C=CC(=O)C2=O
G18	1,2-Naphthoquinone-4-sulfonic acid, sodium salt	C1=CC=C2C(=C1)C(=CC(=O)C2=O)S(=O)(=O)[O-].[Na+]
G19	9,10-Anthraquinone	C1=CC=C2C(=C1)C(=O)C3=CC=CC=C3C2=O
G20	Alizarin	C1=CC=C2C(=C1)C(=O)C3=C(C2=O)C(=C(C=C3)O)O
G21	Alizarin Red S	C1=CC=C2C(=C1)C(=O)C3=CC(=C(C(=C3C2=O)O)O)S(=O)(=O)[O-].[Na+]
G22	1,4-Anthraquinone	C1=CC=C2C=C3C(=O)C=CC(=O)C3=CC2=C1
G23	5,12-Naphthacenequinone	C1=CC=C2C=C3C(=CC2=C1)C(=O)C4=CC=CC=C4C3=O
G24	6,13-Pentacenequinone	C1=CC=C2C=C3C(=CC2=C1)C(=O)C4=CC5=CC=CC=C5C=C4C3=O
H01	Coumarin	C1=CC=C2C(=C1)C=CC(=O)O2
H02	4-Hydroxycoumarin	C1=CC=C2C(=C1)C(=CC(=O)O2)O
H03	7-Hydroxycoumarin	C1=CC(=CC2=C1C=CC(=O)O2)O
H04	7-Hydroxy-4-(trifluoromethyl)coumarin	C1=CC2=C(C=C1O)OC(=O)C=C2C(F)(F)F
H05	7-Methoxycoumarin-4-acetic acid	COC1=CC2=C(C=C1)C(=CC(=O)O2)CC(=O)O
H06	Coumarin 1	CCN(CC)C1=CC2=C(C=C1)C(=CC(=O)O2)C
H07	Coumarin 6	CCN(CC)C1=CC2=C(C=C1)C=C(C(=O)O2)C3=NC4=CC=CC=C4S3
H08	Coumarin 7	CCN(CC)C1=CC2=C(C=C1)C=C(C(=O)O2)C3=NC4=CC=CC=C4N3
H09	Coumarin 30	CCN(CC)C1=CC2=C(C=C1)C=C(C(=O)O2)C3=NC4=CC=CC=C4N3C
H10	Coumarin 151	C1=CC2=C(C=C1N)OC(=O)C=C2C(F)(F)F
H11	Coumarin 314	CCOC(=O)C1=CC2=CC3=C4C(=C2OC1=O)CCCN4CCC3
H12	Coumarin 343	C1CC2=C3C(=C4C(=C2)C=C(C(=O)O4)C(=O)O)CCCN3C1
H13	Calcein Blue	CC1=CC(=O)OC2=C1C=CC(=C2CN(CC(=O)O)CC(=O)O)O
H14	Urolithin B	C1=CC=C2C(=C1)C3=C(C=C(C=C3)O)OC2=O
I01	Acridine	C1=CC=C2C(=C1)C=C3C=CC=CC3=N2
I02	Proflavine hydrochloride	C1=CC(=CC2=NC3=C(C=CC(=C3)N)C=C21)N.Cl
I03	Acridine Orange	CN(C)C1=CC2=C(C=C1)C=C3C=CC(=CC3=N2)N(C)C
I04	Acridine Yellow G	CC1=CC2=CC3=C(C=C(C(=C3)C)N)N=C2C=C1N.Cl
I05	Acridone	C1=CC=C2C(=C1)C(=O)C3=CC=CC=C3N2
I06	Phenazine	C1=CC=C2C(=C1)N=C3C=CC=CC3=N2
I07	Phenosafranin	C1=CC=C(C=C1)[N+]2=C3C=C(C=CC3=NC4=C2C=C(C=C4)N)N.[Cl-]
I08	Neutral Red	CC1=CC2=NC3=C(C=C(C=C3)N(C)C)N=C2C=C1N.Cl
I09	Janus Green B	CCN(CC)C1=CC2=[N+](C3=C(C=CC(=C3)N=NC4=CC=C(C=C4)N(C)C)N=C2C=C1)C5=CC=CC=C5.[Cl-]
I10	Phenothiazine	C1=CC=C2C(=C1)NC3=CC=CC=C3S2
I11	Thionin	"C1=CC2=C(C=C1N)SC3=CC(=[NH2+])C=CC3=N2.[Cl-]
C1=CC2=C(C=C1N)SC3=CC(=[NH2+])C=CC3=N2"
I12	Methylene blue	CN(C)C1=CC2=C(C=C1)N=C3C=CC(=[N+](C)C)C=C3S2.[Cl-]
I13	Azure II	CNC1=CC2=C(C=C1)N=C3C=CC(=[N+](C)C)C=C3S2.CN(C)C1=CC2=C(C=C1)N=C3C=CC(=[N+](C)C)C=C3S2.[Cl-].[Cl-]
I14	Toluidine Blue O	CC1=CC2=C(C=C1N)SC3=CC(=[N+](C)C)C=CC3=N2.[Cl-]
I15	Phenoxathiin	C1=CC=C2C(=C1)OC3=CC=CC=C3S2
I16	Phenoxazine	C1=CC=C2C(=C1)NC3=CC=CC=C3O2
I17	Oxazine 1	CCN(CC)C1=CC2=C(C=C1)N=C3C=CC(=[N+](CC)CC)C=C3O2
I18	Cresyl Violet perchlorate	C1=CC=C2C(=C1)C(=[NH2+])C=C3C2=NC4=C(O3)C=C(C=C4)N.[O-]Cl(=O)(=O)=O
I19	Nile Red	CCN(CC)C1=CC2=C(C=C1)N=C3C4=CC=CC=C4C(=O)C=C3O2
I20	Nile Blue	"CC[N+](=C1C=CC2=NC3=C(C=C(C4=CC=CC=C43)N)OC2=C1)CC.[Cl-]
CC[N+](=C1C=CC2=NC3=C(C=C(C4=CC=CC=C43)N)OC2=C1)CC
CC[N+](=C1C=CC2=NC3=C(C=C(C4=CC=CC=C43)N)OC2=C1)CC.CC[N+](=C1C=CC2=NC3=C(C=C(C4=CC=CC=C43)N)OC2=C1)CC.[O-]S(=O)(=O)[O-]"
I21	Oxazine 170	CCNC1=CC2=C(C3=CC=CC=C31)N=C4C=C(C(=[N+](C)CC)C=C4O2)C.[O-]Cl(=O)(=O)=O
J01	Azobenzene	C1=CC=C(C=C1)N=NC2=CC=CC=C2
J02	Acid Red 2	CN(C)C1=CC=C(C=C1)N=NC2=CC=CC=C2C(=O)O
J03	Methyl Orange	CN(C)C1=CC=C(C=C1)N=NC2=CC=C(C=C2)S(=O)(=O)[O-].[Na+]
J04	Orange G	C1=CC=C(C=C1)N=NC2=C(C=CC3=CC(=CC(=C32)S(=O)(=O)[O-])S(=O)(=O)[O-])O.[Na+].[Na+]
J05	Orange II	C1=CC=C2C(=C1)C=CC(=C2N=NC3=CC=C(C=C3)S(=O)(=O)[O-])O.[Na+]
J06	Acid Red 88	C1=CC=C2C(=C1)C=CC(=C2N=NC3=CC=C(C4=CC=CC=C43)S(=O)(=O)[O-])O.[Na+]
J07	Sudan I	C1=CC=C(C=C1)N=NC2=C(C=CC3=CC=CC=C32)O
J08	Sudan II	CC1=CC(=C(C=C1)N=NC2=C(C=CC3=CC=CC=C32)O)C
J09	Acid Violet 3	C1=CC(=CC=C1N)N=NC2=C(C3=C(C=C(C=C3C=C2S(=O)(=O)[O-])S(=O)(=O)[O-])O)O.[Na+].[Na+]
J10	Acid Red 1	CC(=O)NC1=C2C(=CC(=C1)S(=O)(=O)[O-])C=C(C(=C2O)N=NC3=CC=CC=C3)S(=O)(=O)[O-].[Na+].[Na+]
J11	Acid Red 14	C1=CC=C2C(=C1)C(=CC=C2S(=O)(=O)[O-])N=NC3=C(C4=CC=CC=C4C(=C3)S(=O)(=O)[O-])O.[Na+].[Na+]
J12	Acid Blue 92	"C1=CC=C(C=C1)NC2=C3C(=C(C=C2)N=NC4=C5C(=CC(=C4)S(=O)(=O)[O-])C=C(C=C5O)S(=O)(=O)[O-])C=CC=C3S(=O)(=O)[O-].[Na+].[Na+].[Na+]
C1=CC=C(C=C1)NC2=C3C(=C(C=C2)N=NC4=C5C(=CC(=C4)S(=O)(=O)O)C=C(C=C5O)S(=O)(=O)O)C=CC=C3S(=O)(=O)O.[Na]
C1=CC=C(C=C1)NC2=C3C(=C(C=C2)N=NC4=C5C(=CC(=C4)S(=O)(=O)O)C=C(C=C5O)S(=O)(=O)O)C=CC=C3S(=O)(=O)O.[Na+]"
J13	Sudan III	C1=CC=C(C=C1)N=NC2=CC=C(C=C2)N=NC3=C(C=CC4=CC=CC=C43)O
J14	Sudan IV	CC1=CC=CC=C1N=NC2=CC(=C(C=C2)N=NC3=C(C=CC4=CC=CC=C43)O)C
J15	Acid Black 1	C1=CC=C(C=C1)N=NC2=C(C3=C(C(=C(C=C3C=C2S(=O)(=O)[O-])S(=O)(=O)[O-])N=NC4=CC=C(C=C4)[N+](=O)[O-])N)O.[Na+].[Na+]
J16	Ponceau S	"C1=CC(=CC=C1N=NC2=CC(=C(C=C2)N=NC3=C4C=CC(=CC4=CC(=C3O)S(=O)(=O)[O-])S(=O)(=O)[O-])S(=O)(=O)[O-])S(=O)(=O)[O-].[Na+].[Na+].[Na+].[Na+]
C1=CC(=CC=C1N=NC2=CC(=C(C=C2)N=NC3=C4C=CC(=CC4=CC(=C3O)S(=O)(=O)O)S(=O)(=O)O)S(=O)(=O)O)S(=O)(=O)O
C1=CC(=CC=C1N=NC2=CC(=C(C=C2)N=NC3=C4C=CC(=CC4=CC(=C3O)S(=O)(=O)O)S(=O)(=O)O)S(=O)(=O)O)S(=O)(=O)O.[Na]
C1=CC(=CC=C1N=NC2=CC(=C(C=C2)N=NC3=C4C=CC(=CC4=CC(=C3O)S(=O)(=O)O)S(=O)(=O)O)S(=O)(=O)O)S(=O)(=O)O.[Na].[Na].[Na].[Na]
C1=CC(=CC=C1N=NC2=CC(=C(C=C2)N=NC3=C4C=CC(=CC4=CC(=C3O)S(=O)(=O)[O-])S(=O)(=O)[O-])S(=O)(=O)[O-])S(=O)(=O)[O-].[Na+].[Na+].[Na+].[Na+]"
J17	Congo Red	C1=CC=C2C(=C1)C(=CC(=C2N)N=NC3=CC=C(C=C3)C4=CC=C(C=C4)N=NC5=C(C6=CC=CC=C6C(=C5)S(=O)(=O)[O-])N)S(=O)(=O)[O-].[Na+].[Na+]
J18	Benzopurpurin 4B	CC1=C(C=CC(=C1)C2=CC(=C(C=C2)N=NC3=C(C4=CC=CC=C4C(=C3)S(=O)(=O)[O-])N)C)N=NC5=C(C6=CC=CC=C6C(=C5)S(=O)(=O)[O-])N.[Na+].[Na+]
J19	Evans Blue	CC1=C(C=CC(=C1)C2=CC(=C(C=C2)N=NC3=C(C4=C(C=C3)C(=CC(=C4N)S(=O)(=O)[O-])S(=O)(=O)[O-])O)C)N=NC5=C(C6=C(C=C5)C(=CC(=C6N)S(=O)(=O)[O-])S(=O)(=O)[O-])O.[Na+].[Na+].[Na+].[Na+]
K01	1,1'-Diethyl-2,2'-cyanine iodide	CCN1C(=CC2=[N+](C3=CC=CC=C3C=C2)CC)C=CC4=CC=CC=C41.[I-]
K02	1,1'-Diethyl-2,2'-carbocyanine iodide	CCN1C(=CC=CC2=[N+](C3=CC=CC=C3C=C2)CC)C=CC4=CC=CC=C41.[I-]
K03	1,1'-Diethyl-2,2'-dicarbocyanine iodide	CCN1C(=CC=CC=CC2=[N+](C3=CC=CC=C3C=C2)CC)C=CC4=CC=CC=C41.[I-]
K04	1,1'-Diethyl-4,4'-cyanine iodide	CCN1C=CC(=CC2=CC=[N+](C3=CC=CC=C23)CC)C4=CC=CC=C41.[I-]
K05	1,1'-Diethyl-4,4'-carbocyanine iodide	CCN1C=CC(=CC=CC2=CC=[N+](C3=CC=CC=C23)CC)C4=CC=CC=C41.[I-]
K06	1,1'-Diethyl-4,4'-dicarbocyanine iodide	CCN1C=CC(=CC=CC=CC2=CC=[N+](C3=CC=CC=C23)CC)C4=CC=CC=C41.[I-]
K07	3,3'-Diethyloxacarbocyanine iodide	"CCN1C2=CC=CC=C2OC1=CC=CC3=[N+](C4=CC=CC=C4O3)CC.[I-]
CCN1C2=CC=CC=C2OC1=CC=CC3=[N+](C4=CC=CC=C4O3)CC.[I-]
CCN1C2=CC=CC=C2OC1=CC=CC3=[N+](C4=CC=CC=C4O3)CC.[I-]
CCN1C2=CC=CC=C2OC1=CC=CC3=[N+](C4=CC=CC=C4O3)CC.I
CCN1C2=CC=CC=C2OC1=CC=CC3=[N+](C4=CC=CC=C4O3)CC.[I-]"
K08	3,3'-Diethyloxadicarbocyanine iodide	"CCN1C2=CC=CC=C2OC1=CC=CC=CC3=[N+](C4=CC=CC=C4O3)CC.[I-]
CCN1C2=CC=CC=C2OC1=CC=CC=CC3=[N+](C4=CC=CC=C4O3)CC.[I-]
CCN1C2=CC=CC=C2OC1=CC=CC=CC3=[N+](C4=CC=CC=C4O3)CC.[I-]
CCN1C2=CC=CC=C2OC1=CC=CC=CC3=[N+](C4=CC=CC=C4O3)CC.[I-]"
K09	3,3'-Diethyloxatricarbocyanine iodide	CCN1C2=CC=CC=C2OC1=CC=CC=CC=CC3=[N+](C4=CC=CC=C4O3)CC.[I-]
K10	1,1'-Diethyl-3,3,3',3'-tetramethylindocarbocyanine Iodide	"CCN1C2=CC=CC=C2C(C1=CC=CC3=[N+](C4=CC=CC=C4C3(C)C)CC)(C)C.[I-]
CCN1C2=CC=CC=C2C(C1=CC=CC3=[N+](C4=CC=CC=C4C3(C)C)CC)(C)C.[I-]
CCN1C2=CC=CC=C2C(C1=CC=CC3=[N+](C4=CC=CC=C4C3(C)C)CC)(C)C.[I-]
CCN1C2=CC=CC=C2C(C1=CC=CC3=[N+](C4=CC=CC=C4C3(C)C)CC)(C)C.[I-]"
K13	Indocyanine Green	"CC1(C(=[N+](C2=C1C3=CC=CC=C3C=C2)CCCCS(=O)(=O)[O-])C=CC=CC=CC=C4C(C5=C(N4CCCCS(=O)(=O)[O-])C=CC6=CC=CC=C65)(C)C)C.[Na+]
CC1(C(=[N+](C2=C1C3=CC=CC=C3C=C2)CCCCS(=O)(=O)[O-])C=CC=CC=CC=C4C(C5=C(N4CCCCS(=O)(=O)[O-])C=CC6=CC=CC=C65)(C)C)C.[Na+]
CC1(C(=[N+](C2=C1C3=CC=CC=C3C=C2)CCCCS(=O)(=O)[O-])C=CC=CC=CC=C4C(C5=C(N4CCCCS(=O)(=O)[O-])C=CC6=CC=CC=C65)(C)C)C.[Na+]
CC1(C(=[N+](C2=C1C3=CC=CC=C3C=C2)CCCCS(=O)(=O)[O-])C=CC=CC=CC=C4C(C5=C(N4CCCCS(=O)(=O)[O-])C=CC6=CC=CC=C65)(C)C)C.[Na+]
CC1(C(=[N+](C2=C1C3=CC=CC=C3C=C2)CCCCS(=O)(=O)[O-])C=CC=CC=CC=C4C(C5=C(N4CCCCS(=O)(=O)[O-])C=CC6=CC=CC=C65)(C)C)C.[Na+]
CC1(C(=[N+](C2=C1C3=CC=CC=C3C=C2)CCCCS(=O)(=O)[O-])C=CC=CC=CC=C4C(C5=C(N4CCCCS(=O)(=O)[O-])C=CC6=CC=CC=C65)(C)C)C.[Na+]
CC1(C(=[N+](C2=C1C3=CC=CC=C3C=C2)CCCCS(=O)(=O)[O-])C=CC=CC=CC=C4C(C5=C(N4CCCCS(=O)(=O)[O-])C=CC6=CC=CC=C65)(C)C)C.[Na+]"
K14	3,3'-Diethylthiacarbocyanine iodide	"CCN1C2=CC=CC=C2SC1=CC=CC3=[N+](C4=CC=CC=C4S3)CC.[I-]
CCN1C2=CC=CC=C2SC1=CC=CC3=[N+](C4=CC=CC=C4S3)CC.[I-]
CCN1C2=CC=CC=C2SC1=CC=CC3=[N+](C4=CC=CC=C4S3)CC.[I-]
CCN1C2=CC=CC=C2SC1=CC=CC3=[N+](C4=CC=CC=C4S3)CC.[I-]"
K15	3,3'-Diethylthiadicarbocyanine iodide	"CCN1C2=CC=CC=C2SC1=CC=CC=CC3=[N+](C4=CC=CC=C4S3)CC.[I-]
CCN1C2=CC=CC=C2SC1=CC=CC=CC3=[N+](C4=CC=CC=C4S3)CC.[I-]
CCN1C2=CC=CC=C2SC1=CC=CC=CC3=[N+](C4=CC=CC=C4S3)CC.[I-]
CCN1C2=CC=CC=C2SC1=CC=CC=CC3=[N+](C4=CC=CC=C4S3)CC.I"
K16	3,3'-Diethylthiatricarbocyanine iodide	"CCN1C2=CC=CC=C2SC1=CC=CC=CC=CC3=[N+](C4=CC=CC=C4S3)CC.[I-]
CCN1C2=CC=CC=C2SC1=CC=CC=CC=CC3=[N+](C4=CC=CC=C4S3)CC.[I-]
CCN1C2=CC=CC=C2SC1=CC=CC=CC=CC3=[N+](C4=CC=CC=C4S3)CC.[I-]
CCN1C2=CC=CC=C2SC1=CC=CC=CC=CC3=[N+](C4=CC=CC=C4S3)CC.[I-]"
K17	Merocyanine 540	"CCCCN1C(=O)C(=CC=CC=C2N(C3=CC=CC=C3O2)CCCS(=O)(=O)[O-])C(=O)N(C1=S)CCCC.[Na+]
CCCCN1C(=O)C(=CC=CC=C2N(C3=CC=CC=C3O2)CCCS(=O)(=O)[O-])C(=O)N(C1=S)CCCC.[Na+]
CCCCN1C(=O)C(=CC=CC=C2N(C3=CC=CC=C3O2)CCCS(=O)(=O)[O-])C(=O)N(C1=S)CCCC.[Na+]
CCCCN1C(=O)C(=CC=CC=C2N(C3=CC=CC=C3O2)CCCS(=O)(=O)[O-])C(=O)N(C1=S)CCCC.[Na+]"
K19	Stains all	CCN1C(=CC(=CC2=[N+](C3=C(S2)C=CC4=CC=CC=C43)CC)C)SC5=C1C6=CC=CC=C6C=C5.[Br-]
L01	Auramine O	CN(C)C1=CC=C(C=C1)C(=N)C2=CC=C(C=C2)N(C)C.Cl
L02	Malachite Green	CN(C)C1=CC=C(C=C1)C(=C2C=CC(=[N+](C)C)C=C2)C3=CC=CC=C3.[Cl-]
L03	Crystal Violet	CN(C)C1=CC=C(C=C1)C(=C2C=CC(=[N+](C)C)C=C2)C3=CC=C(C=C3)N(C)C.[Cl-]
L04	p-Fuchsin	C1=CC(=N)C=CC1=C(C2=CC=C(C=C2)N)C3=CC=C(C=C3)N.Cl
L05	Methyl Violet	"CN=C1C=CC(=C(C2=CC=C(C=C2)N(C)C)C3=CC=C(C=C3)N(C)C)C=C1.Cl
CN=C1C=CC(=C(C2=CC=C(C=C2)N(C)C)C3=CC=C(C=C3)N(C)C)C=C1"
L06	Methyl Green	CN(C)C1=CC=C(C=C1)C(=C2C=CC(=[N+](C)C)C=C2)C3=CC=C(C=C3)[N+](C)(C)C.[Cl-]
L07	Methyl Blue	C1=CC(=NC2=CC=C(C=C2)S(=O)(=O)[O-])C=CC1=C(C3=CC=C(C=C3)NC4=CC=C(C=C4)S(=O)(=O)O)C5=CC=C(C=C5)NC6=CC=C(C=C6)S(=O)(=O)[O-].[Na+].[Na+]
L08	Phenolphthalein	C1=CC=C2C(=C1)C(=O)OC2(C3=CC=C(C=C3)O)C4=CC=C(C=C4)O
L09	Phenol Red	C1=CC=C2C(=C1)C(OS2(=O)=O)(C3=CC=C(C=C3)O)C4=CC=C(C=C4)O
L10	Cresol Red	CC1=C(C=CC(=C1)C2(C3=CC=CC=C3S(=O)(=O)O2)C4=CC(=C(C=C4)O)C)O
L11	Thymol Blue	CC1=CC(=C(C=C1C2(C3=CC=CC=C3S(=O)(=O)O2)C4=CC(=C(C=C4C)O)C(C)C)C(C)C)O
M01	Perylene	C1=CC2=C3C(=C1)C4=CC=CC5=C4C(=CC=C5)C3=CC=C2
N01	Fluorescein	C1=CC=C2C(=C1)C(=O)OC23C4=C(C=C(C=C4)O)OC5=C3C=CC(=C5)O
N02	2',7'-Dichlorofluorescein	C1=CC=C2C(=C1)C(=O)OC23C4=CC(=C(C=C4OC5=CC(=C(C=C35)Cl)O)O)Cl
N03	3,4,5,6-Tetrachlorofluorescein	C1=CC2=C(C=C1O)OC3=C(C24C5=C(C(=C(C(=C5Cl)Cl)Cl)Cl)C(=O)O4)C=CC(=C3)O
N04	Eosin B	C1=CC=C(C(=C1)C2=C3C=C(C(=O)C(=C3OC4=C(C(=C(C=C24)[N+](=O)[O-])[O-])Br)Br)[N+](=O)[O-])C(=O)[O-].[Na+].[Na+]
N05	Eosin Y	C1=CC=C(C(=C1)C2=C3C=C(C(=O)C(=C3OC4=C(C(=C(C=C24)Br)O)Br)Br)Br)C(=O)O.[Na+]
N06	Phloxine B	C1=C2C(=C(C(=C1Br)[O-])Br)OC3=C(C(=C(C=C3C24C5=C(C(=C(C(=C5Cl)Cl)Cl)Cl)C(=O)O4)Br)[O-])Br.[Na+].[Na+]
N07	Erythrosine B	"C1=CC=C2C(=C1)C(=O)OC23C4=CC(=C(C(=C4OC5=C(C(=C(C=C35)I)[O-])I)I)[O-])I.[Na+].[Na+]
C1=CC=C2C(=C1)C(=O)OC23C4=CC(=C(C(=C4OC5=C(C(=C(C=C35)I)[O-])I)I)[O-])I.[Na+].[Na+]
C1=CC=C2C(=C1)C(=O)OC23C4=CC(=C(C(=C4OC5=C(C(=C(C=C35)I)O)I)I)O)I.[Na].[Na]
C1=CC=C2C(=C1)C(=O)OC23C4=CC(=C(C(=C4OC5=C(C(=C(C=C35)I)[O-])I)I)O)I.[Na+]"
N08	Rose bengal	C1=C2C(=C3C=C(C(=O)C(=C3OC2=C(C(=C1I)[O-])I)I)I)C4=C(C(=C(C(=C4Cl)Cl)Cl)Cl)C(=O)[O-].[Na+].[Na+]
N09	Xantphos	CC1(C2=C(C(=CC=C2)P(C3=CC=CC=C3)C4=CC=CC=C4)OC5=C1C=CC=C5P(C6=CC=CC=C6)C7=CC=CC=C7)C
N10	Rhodamine 123	"COC(=O)C1=CC=CC=C1C2=C3C=CC(=[NH2+])C=C3OC4=C2C=CC(=C4)N.[Cl-]
COC(=O)C1=CC=CC=C1C2=C3C=CC(=N)C=C3OC4=C2C=CC(=C4)N.Cl
COC(=O)C1=CC=CC=C1C2=C3C=CC(=N)C=C3OC4=C2C=CC(=C4)N
COC(=O)C1=CC=CC=C1C2=C3C=CC(=[NH2+])C=C3OC4=C2C=CC(=C4)N"
N11	Rhodamine B	CCN(CC)C1=CC2=C(C=C1)C(=C3C=CC(=[N+](CC)CC)C=C3O2)C4=CC=CC=C4C(=O)O.[Cl-]
N12	Sulforhodamine B	CCN(CC)C1=CC2=C(C=C1)C(=C3C=CC(=[N+](CC)CC)C=C3O2)C4=C(C=C(C=C4)S(=O)(=O)O)S(=O)(=O)[O-]
N13	Rhodamine 6G	CCNC1=CC2=C(C=C1C)C(=C3C=C(C(=[NH+]CC)C=C3O2)C)C4=CC=CC=C4C(=O)OCC.[Cl-]
N14	Rhodamine 101 inner salt	C1CC2=CC3=C(C4=C2N(C1)CCC4)OC5=C6CCC[N+]7=C6C(=CC5=C3C8=CC=CC=C8C(=O)[O-])CCC7
N15	Sulforhodamine 101	C1CC2=CC3=C(C4=C2N(C1)CCC4)OC5=C6CCC[N+]7=C6C(=CC5=C3C8=C(C=C(C=C8)S(=O)(=O)O)S(=O)(=O)[O-])CCC7
O01	Dansylglycine	CN(C)C1=CC=CC2=C1C=CC=C2S(=O)(=O)NCC(=O)O
O02	Lucifer Yellow CH	[Li+].[Li+].C1=C(C=C2C3=C1C(=C(C=C3C(=O)N(C2=O)NC(=O)NN)S(=O)(=O)[O-])N)S(=O)(=O)[O-]
O03	Piroxicam	CN1C(=C(C2=CC=CC=C2S1(=O)=O)O)C(=O)NC3=CC=CC=N3
O04	1,2,3,4,5-Pentamethylcyclopentadiene	CC1C(=C(C(=C1C)C)C)C
O05	Ethidium Bromide	CC[N+]1=C2C=C(C=CC2=C3C=CC(=CC3=C1C4=CC=CC=C4)N)N.[Br-]
O07	Hoechst 33258	"CN1CCN(CC1)C2=CC3=C(C=C2)N=C(N3)C4=CC5=C(C=C4)N=C(N5)C6=CC=C(C=C6)O.Cl.Cl.Cl
CN1CCN(CC1)C2=CC3=C(C=C2)N=C(N3)C4=CC5=C(C=C4)N=C(N5)C6=CC=C(C=C6)O
CN1CCN(CC1)C2=CC3=C(C=C2)N=C(N3)C4=CC5=C(C=C4)N=C(N5)C6=CC=C(C=C6)O.Cl"
O08	Squarylium dye III	CN(C)C1=CC=C(C=C1)C2=C(C(=C3C=CC(=[N+](C)C)C=C3)C2=O)[O-]
O09	Ellagic Acid Dihydrate	C1=C2C3=C(C(=C1O)O)OC(=O)C4=CC(=C(C(=C43)OC2=O)O)O.O.O
O10	Betalamic Acid	C1C(NC(=CC1=CC=O)C(=O)O)C(=O)O
O12	Rutin trihydrate	"CC1C(C(C(C(O1)OCC2C(C(C(C(O2)OC3=C(OC4=CC(=CC(=C4C3=O)O)O)C5=CC(=C(C=C5)O)O)O)O)O)O)O)O.O.O.O
CC1C(C(C(C(O1)OCC2C(C(C(C(O2)OC3=C(OC4=CC(=CC(=C4C3=O)O)O)C5=CC(=C(C=C5)O)O)O)O)O)O)O)O"
O13	Hesperidin	CC1C(C(C(C(O1)OCC2C(C(C(C(O2)OC3=CC(=C4C(=O)CC(OC4=C3)C5=CC(=C(C=C5)OC)O)O)O)O)O)O)O)O
Q01	H2P	CC1(C(C(C(C(O1)CO)O)O)O)OP(=O)(O)O
Q03	ZnP	C1=CC=C(C=C1)CC(C[N+](=O)[O-])C(=O)N
Q05	MgOEP	CCC1=C(C2=CC3=NC(=CC4=NC(=CC5=C(C(=C([N-]5)C=C1[N-]2)CC)CC)C(=C4CC)CC)C(=C3CC)CC)CC.[Mg+2]
Q21	Protoporphyrin IX dimethyl ester	CC1=C(C2=CC3=NC(=CC4=NC(=CC5=C(C(=C(N5)C=C1N2)C=C)C)C(=C4CCC(=O)OC)C)C(=C3C)CCC(=O)OC)C=C
Q22	Hematin	"CC1=C(C2=CC3=NC(=CC4=C(C(=C([N-]4)C=C5C(=C(C(=N5)C=C1[N-]2)C)C=C)C)C=C)C(=C3CCC(=O)O)C)CCC(=O)O.O.[Fe+2]
CC1=C(C2=CC3=NC(=CC4=C(C(=C([N-]4)C=C5C(=C(C(=N5)C=C1[N-]2)C)C=C)C)C=C)C(=C3CCC(=O)O)C)CCC(=O)O.O.[Fe+2]
CC1=C(C2=CC3=C(C(=C([N-]3)C=C4C(=C(C(=N4)C=C5C(=C(C(=N5)C=C1[N-]2)C)C=C)C)C=C)C)CCC(=O)O)CCC(=O)O.[OH-].[Fe+3]
CC1=C(C2=CC3=C(C(=C([N-]3)C=C4C(=C(C(=N4)C=C5C(=C(C(=N5)C=C1[N-]2)C)C=C)C)C=C)C)CCC(=O)O)CCC(=O)O.O.[Fe+2]
CC1=C(C2=CC3=NC(=CC4=C(C(=C([N-]4)C=C5C(=C(C(=N5)C=C1[N-]2)C=C)C)C=C)C)C(=C3CCC(=O)O)C)CCC(=O)O.O.[Fe+2]
[H+].[H+].CC1=C(C2=CC3=NC(=CC4=C(C(=C([N-]4)C=C5C(=C(C(=N5)C=C1[N-]2)C=C)C)C=C)C)C(=C3CCC(=O)[O-])C)CCC(=O)[O-].[OH-].[Fe+3]
CC1=C(C2=CC3=C(C(=C([N-]3)C=C4C(=C(C(=N4)C=C5C(=C(C(=N5)C=C1[N-]2)C)C=C)C)C=C)C)CCC(=O)O)CCC(=O)O.[Fe+2]
CC1=C(C2=CC3=C(C(=C([N-]3)C=C4C(=C(C(=N4)C=C5C(=C(C(=N5)C=C1[N-]2)C)C=C)C)C=C)C)CCC(=O)O)CCC(=O)O.O.[Fe+2]
CC1=C(C2=CC3=NC(=CC4=C(C(=C([N-]4)C=C5C(=C(C(=N5)C=C1[N-]2)C=C)C)C=C)C)C(=C3CCC(=O)[O-])C)CCC(=O)[O-].O.[Fe+5]
CC1=C(C2=CC3=C(C(=C([N-]3)C=C4C(=C(C(=N4)C=C5C(=C(C(=N5)C=C1[N-]2)C)C=C)C)C=C)C)CCC(=O)[O-])CCC(=O)[O-].O.[Fe+5]
CC1=C(C2=CC3=C(C(=C([N-]3)C=C4C(=C(C(=N4)C=C5C(=C(C(=N5)C=C1[N-]2)C)C=C)C)C=C)C)CCC(=O)O)CCC(=O)O.O.[Fe+3]"
Q23	Tetrabenzoporphine	C1=CC=C2C(=C1)C3=CC4=NC(=CC5=C6C=CC=CC6=C(N5)C=C7C8=CC=CC=C8C(=N7)C=C2N3)C9=CC=CC=C94
R03	Sapphyrin	C1=CC2=CC3=CC=C(N3)C=C4C=CC(=N4)C5=NC(=CC6=CC=C(N6)C=C1N2)C=C5
R04	Bilirubin	CC1=C(NC(=C1CCC(=O)O)CC2=C(C(=C(N2)C=C3C(=C(C(=O)N3)C)C=C)C)CCC(=O)O)C=C4C(=C(C(=O)N4)C=C)C
R05	Biliverdin dimethyl ester	"CC1=C(C(=CC2=C(C(=C(N2)C=C3C(=C(C(=O)N3)C)C=C)C)CCC(=O)OC)NC1=CC4=NC(=O)C(=C4C)C=C)CCC(=O)OC
CC1=C(C(=CC2=C(C(=C(N2)C=C3C(=C(C(=O)N3)C)C=C)C)CCC(=O)OC)NC1=CC4=NC(=O)C(=C4C)C=C)CCC(=O)OC
CC1=C(C(=CC2=C(C(=C(N2)C=C3C(=C(C(=O)N3)C)C=C)C)CCC(=O)OC)NC1=CC4=NC(=O)C(=C4C)C=C)CCC(=O)OC
CC1=C(C(=CC2=C(C(=C(N2)C=C3C(=C(C(=O)N3)C)C=C)C)CCC(=O)OC)NC1=CC4=NC(=O)C(=C4C)C=C)CCC(=O)OC"
R06	Cyanocobalamin	"CC1=CC2=C(C=C1C)N(C=N2)C3C(C(C(O3)CO)OP(=O)([O-])OC(C)CNC(=O)CCC4(C(C5C6(C(C(C(=C(C7=NC(=CC8=NC(=C(C4=N5)C)C(C8(C)C)CCC(=O)N)C(C7(C)CC(=O)N)CCC(=O)N)C)[N-]6)CCC(=O)N)(C)CC(=O)N)C)CC(=O)N)C)O.[C-]#N.[Co+3]
CC1=CC2=C(C=C1C)N(C=N2)C3C(C(C(O3)CO)OP(=O)([O-])OC(C)CNC(=O)CCC4(C(C5C6(C(C(C(=N6)C(=C7C(C(C(=N7)C=C8C(C(C(=N8)C(=C4[N-]5)C)CCC(=O)N)(C)C)CCC(=O)N)(C)CC(=O)N)C)CCC(=O)N)(C)CC(=O)N)C)CC(=O)N)C)O.[C-]#N.[Co+3]
CC1=CC2=C(C=C1C)N(C=N2)C3C(C(C(O3)CO)OP(=O)([O-])OC(C)CNC(=O)CCC4(C(C5C6(C(C(C(=N6)C(=C7C(C(C(=N7)C=C8C(C(C(=N8)C(=C4[N-]5)C)CCC(=O)N)(C)C)CCC(=O)N)(C)CC(=O)N)C)CCC(=O)N)(C)CC(=O)N)C)CC(=O)N)C)O.[C-]#N.[Co]
CC1=CC2=C(C=C1C)N(C=N2)C3C(C(C(O3)CO)OP(=O)([O-])OC(C)CNC(=O)CCC4(C(C5C6(C(C(C(=C(C7=NC(=CC8=NC(=C(C4=N5)C)C(C8(C)C)CCC(=O)N)C(C7(C)CC(=O)N)CCC(=O)N)C)[N-]6)CCC(=O)N)(C)CC(=O)N)C)CC(=O)N)C)O.[C-]#N.[Co+3]
CC1=CC2=C(C=C1C)N(C=N2)C3C(C(C(O3)CO)OP(=O)([O-])OC(C)CNC(=O)CCC4(C(C5C6(C(C(C(=C(C7=NC(=CC8=NC(=C(C4=N5)C)C(C8(C)C)CCC(=O)N)C(C7(C)CC(=O)N)CCC(=O)N)C)[N-]6)CCC(=O)N)(C)CC(=O)N)C)CC(=O)N)C)O.[C-]#N.[Co+3]
CC1=CC2=C(C=C1C)N(C=N2)C3C(C(C(O3)CO)OP(=O)([O-])OC(C)CNC(=O)CCC4(C(C5C6(C(C(C(=N6)C(=C7C(C(C(=N7)C=C8C(C(C(=N8)C(=C4[N-]5)C)CCC(=O)N)(C)C)CCC(=O)N)(C)CC(=O)N)C)CCC(=O)N)(C)CC(=O)N)C)CC(=O)N)C)O.[C-]#N.[Co+3]
CC1=CC2=C(C=C1C)N(C=N2)C3C(C(C(O3)CO)OP(=O)([O-])OC(C)CNC(=O)CCC4(C(C5C6(C(C(C(=C(C7=NC(=CC8=NC(=C(C4=N5)C)C(C8(C)C)CCC(=O)N)C(C7(C)CC(=O)N)CCC(=O)N)C)[N-]6)CCC(=O)N)(C)CC(=O)N)C)CC(=O)N)C)O.[C-]#N.[Co+3]
CC1=CC2=C(C=C1C)N(C=N2)C3C(C(C(O3)CO)OP(=O)([O-])OC(C)CNC(=O)CCC4(C(C5C6(C(C(C(=N6)C(=C7C(C(C(=N7)C=C8C(C(C(=N8)C(=C4[N-]5)C)CCC(=O)N)(C)C)CCC(=O)N)(C)CC(=O)N)C)CCC(=O)N)(C)CC(=O)N)C)CC(=O)N)C)O.[C-]#N.[Co+3]
CC1=CC2=C(C=C1C)N(C=N2)C3C(C(C(O3)CO)OP(=O)(O)OC(C)CNC(=O)CCC4(C(C5C6(C(C(C(=N6)C(=C7C(C(C(=N7)C=C8C(C(C(=N8)C(=C4[N-]5)C)CCC(=O)N)(C)C)CCC(=O)N)(C)CC(=O)N)C)CCC(=O)N)(C)CC(=O)N)C)CC(=O)N)C)O.[C-]#N.[Co+2]
CC1=CC2=C(C=C1C)N(C=N2)C3C(C(C(O3)CO)OP(=O)([O-])OC(C)CNC(=O)CCC4(C(C5C6(C(C(C(=N6)C(=C7C(C(C(=N7)C=C8C(C(C(=N8)C(=C4[N-]5)C)CCC(=O)N)(C)C)CCC(=O)N)(C)CC(=O)N)C)CCC(=O)N)(C)CC(=O)N)C)CC(=O)N)C)O.[C-]#N.[Co+3]
CC1=CC2=C(C=C1C)N(C=N2)C3C(C(C(O3)CO)OP(=O)([O-])OC(C)CNC(=O)CCC4(C(C5C6(C(C(C(=N6)C(=C7C(C(C(=N7)C=C8C(C(C(=N8)C(=C4[N-]5)C)CCC(=O)N)(C)C)CCC(=O)N)(C)CC(=O)N)C)CCC(=O)N)(C)CC(=O)N)C)CC(=O)N)C)O.[C-]#N.[Co+3]
CC1=CC2=C(C=C1C)N(C=N2)C3C(C(C(O3)CO)OP(=O)([O-])OC(C)CNC(=O)CCC4(C(C5C6(C(C(C(=N6)C(=C7C(C(C(=N7)C=C8C(C(C(=N8)C(=C4[N-]5)C)CCC(=O)N)(C)C)CCC(=O)N)(C)CC(=O)N)C)CCC(=O)N)(C)CC(=O)N)C)CC(=O)N)C)O.[C-]#N.[Co+3]
CC1=CC2=C(C=C1C)N(C=N2)C3C(C(C(O3)CO)OP(=O)(O)OC(C)CNC(=O)CCC4(C(C5C6(C(C(C(=C(C7=NC(=CC8=NC(=C(C4=N5)C)C(C8(C)C)CCC(=O)N)C(C7(C)CC(=O)N)CCC(=O)N)C)[N-]6)CCC(=O)N)(C)CC(=O)N)C)CC(=O)N)C)O.[C-]#N.[Co+3]
CC1=CC2=C(C=C1C)N(C=N2)C3C(C(C(O3)CO)OP(=O)(O)OC(C)CNC(=O)CCC4(C(C5C6(C(C(C(=N6)C(=C7C(C(C(=N7)C=C8C(C(C(=N8)C(=C4[N-]5)C)CCC(=O)N)(C)C)CCC(=O)N)(C)CC(=O)N)C)CCC(=O)N)(C)CC(=O)N)C)CC(=O)N)C)O.[Co]
CC1=CC2=C(C=C1C)N(C=N2)C3C(C(C(O3)CO)OP(=O)(O)OC(C)CNC(=O)CCC4(C(C5C6(C(C(C(=N6)C(=C7C(C(C(=N7)C=C8C(C(C(=N8)C(=C4[N-]5)C)CCC(=O)N)(C)C)CCC(=O)N)(C)CC(=O)N)C)CCC(=O)N)(C)CC(=O)N)C)CC(=O)N)C)O.[C-]#N.[Co+2]
CC1=CC2=C(C=C1C)N(C=N2)C3C(C(C(O3)CO)OP(=O)([O-])OC(C)CNC(=O)CCC4(C(C5C6(C(C(C(=N6)C(=C7C(C(C(=N7)C=C8C(C(C(=N8)C(=C4[N-]5)C)CCC(=O)N)(C)C)CCC(=O)N)(C)CC(=O)N)C)CCC(=O)N)(C)CC(=O)N)C)CC(=O)N)C)O
CC1=CC2=C(C=C1C)N(C=N2)C3C(C(C(O3)CO)OP(=O)(O)OC(C)CNC(=O)CCC4(C(C5C6(C(C(C(=N6)C(=C7C(C(C(=N7)C=C8C(C(C(=N8)C(=C4[N-]5)C)CCC(=O)N)(C)C)CCC(=O)N)(C)CC(=O)N)C)CCC(=O)N)(C)CC(=O)N)C)CC(=O)N)C)O.[C-]#N.[Co+2]
CC1=CC2=C(C=C1C)N(C=N2)C3C(C(C(O3)CO)OP(=O)([O-])OC(C)CNC(=O)CCC4(C(C5C6(C(C(C(=C(C7=NC(=CC8=NC(=C(C4=N5)C)C(C8(C)C)CCC(=O)N)C(C7(C)CC(=O)N)CCC(=O)N)C)[N-]6)CCC(=O)N)(C)CC(=O)N)C)CC(=O)N)C)O.[C-]#N.[Co+2]
CC1=CC2=C(C=C1C)N(C=N2)C3C(C(C(O3)CO)OP(=O)([O-])OC(C)CNC(=O)CCC4(C(C5C6(C(C(C(=N6)C(=C7C(C(C(=N7)C=C8C(C(C(=N8)C(=C4[N-]5)C)CCC(=O)N)(C)C)CCC(=O)N)(C)CC(=O)N)C)CCC(=O)N)(C)CC(=O)N)C)CC(=O)N)C)O.[C-]#N.[Co+3]
CC1=CC2=C(C=C1C)N(C=N2)C3C(C(C(O3)CO)OP(=O)([O-])OC(C)CNC(=O)CCC4(C(C5C6(C(C(C(=N6)C(=C7C(C(C(=N7)C=C8C(C(C(=C(C4=N5)C)[N-]8)CCC(=O)N)(C)C)CCC(=O)N)(C)CC(=O)N)C)CCC(=O)N)(C)CC(=O)N)C)CC(=O)N)C)O.[C-]#N.[Co+3]
CC1=CC2=C(C=C1C)N(C=N2)C3C(C(C(O3)CO)OP(=O)(O)OC(C)CNC(=O)CCC4(C(C5C6(C(C(C(=N6)C(=C7C(C(C(=N7)C=C8C(C(C(=N8)C(=C4[N-]5)C)CCC(=O)N)(C)C)CCC(=O)N)(C)CC(=O)N)C)CCC(=O)N)(C)CC(=O)N)C)CC(=O)N)C)O.[C-]#N.[Co]
CC1=CC2=C(C=C1C)N(C=N2)C3C(C(C(O3)CO)OP(=O)([O-])OC(C)CNC(=O)CCC4(C(C5C6(C(C(C(=N6)C(=C7C(C(C(=N7)C=C8C(C(C(=N8)C(=C4[N-]5)C)CCC(=O)N)(C)C)CCC(=O)N)(C)CC(=O)N)C)CCC(=O)N)(C)CC(=O)N)C)CC(=O)N)C)O.[C-]#N.[Co+3]
CC1=CC2=C(C=C1C)N(C=N2)C3C(C(C(O3)CO)OP(=O)([O-])OC(C)CNC(=O)CCC4(C(C5C6(C(C(C(=N6)C(=C7C(C(C(=N7)C=C8C(C(C(=N8)C(=C4[N-]5)C)CCC(=O)N)(C)C)CCC(=O)N)(C)CC(=O)N)C)CCC(=O)N)(C)CC(=O)N)C)CC(=O)N)C)O.[C-]#N.[Co+3]"
S02	MgPc	C1=CC=C2C(=C1)C3=NC4=NC(=NC5=C6C=CC=CC6=C([N-]5)N=C7C8=CC=CC=C8C(=N7)N=C2[N-]3)C9=CC=CC=C94.[Mg+2]
S11	Boron subphthalocyanine chloride	B1(N2C3=C4C=CC=CC4=C2N=C5N1C(=NC6=NC(=N3)C7=CC=CC=C76)C8=CC=CC=C85)Cl
T01	Chlorophyll a	"CCC1=C(C2=NC1=CC3=C(C4=C([N-]3)C(=C5C(C(C(=N5)C=C6C(=C(C(=C2)[N-]6)C=C)C)C)CCC(=O)OCC=C(C)CCCC(C)CCCC(C)CCCC(C)C)C(C4=O)C(=O)OC)C)C.[Mg+2]
CCC1=C(C2=NC1=CC3=C(C4=C(C(C(=C4[N-]3)C5=NC(=CC6=NC(=C2)C(=C6C)C=C)C(C5CCC(=O)OCC=C(C)CCCC(C)CCCC(C)CCCC(C)C)C)C(=O)OC)[O-])C)C.[Mg+2]
CCC1=C(C2=NC1=CC3=C(C4=C(C(C(=C5C(C(C(=CC6=NC(=C2)C(=C6C)C=C)N5)C)CCC(=O)OCC=C(C)CCCC(C)CCCC(C)CCCC(C)C)C4=N3)C(=O)OC)[O-])C)C.[Mg+2]
CCC1=C(C2=NC1=CC3=C(C4=C(C(C(=C5C(C(C(=CC6=NC(=C2)C(=C6C)C=C)N5)C)CCC(=O)OCC=C(C)CCCC(C)CCCC(C)CCCC(C)C)C4=N3)C(=O)OC)O)C)C"
T02	Chlorophyll b	"CCC1=C(C2=NC1=CC3=C(C4=C([N-]3)C(=C5C(C(C(=N5)C=C6C(=C(C(=C2)[N-]6)C=C)C)C)CCC(=O)OCC=C(C)CCCC(C)CCCC(C)CCCC(C)C)C(C4=O)C(=O)OC)C)C=O.[Mg+2]
CCC1=C2C=C3C(=C4C(=O)C(C(=C4[N-]3)C5=NC(=CC6=NC(=CC(=N2)C1=C[O-])C(=C6C)C=C)C(C5CCC(=O)OCC=C(C)CCCC(C)CCCC(C)CCCC(C)C)C)C(=O)OC)C.[Mg+2]
CCC1=C2C=C3C(=C4C(=O)C(C(=C4[N-]3)C5=NC(=CC6=NC(=CC(=N2)C1=C[O-])C(=C6C)C=C)C(C5CCC(=O)OCC=C(C)CCCC(C)CCCC(C)CCCC(C)C)C)C(=O)OC)C.[Mg+2]
CCC1=C2C=C3C(=C4C(=O)C(C(=C4[N-]3)C5=NC(=CC6=NC(=CC(=N2)C1=C[O-])C(=C6C)C=C)C(C5CCC(=O)OCC=C(C)CCCC(C)CCCC(C)CCCC(C)C)C)C(=O)OC)C.[Mg+2]
CCC1=C2C=C3C(=C4C(=O)C(C(=C5C(C(C(=CC6=NC(=CC(=N2)C1=C[O-])C(=C6C)C=C)N5)C)CCC(=O)OCC=C(C)CCCC(C)CCCC(C)CCCC(C)C)C4=N3)C(=O)OC)C.[Mg+2]
CCC1=C2C=C3C(=C4C(=O)C(C(=C4[N-]3)C5=NC(=CC6=NC(=CC(=N2)C1=C[O-])C(=C6C)C=C)C(C5CCC(=O)OCC=C(C)CCCC(C)CCCC(C)CCCC(C)C)C)C(=O)OC)C.[Mg+2]
CCC1=C2C=C3C(=C4C(=O)C(C(=C5C(C(C(=CC6=[NH+]C(=CC(=C1C=O)[N-]2)C(=C6C)C=C)[N-]5)C)CCC(=O)OCC=C(C)CCCC(C)CCCC(C)CCCC(C)C)C4=[NH+]3)C(=O)OC)C.[Mg+2]
CCC1=C(C2=NC1=CC3=C(C4=C([N-]3)C(=C5C(C(C(=N5)C=C6C(=C(C(=C2)[N-]6)C=C)C)C)CCC(=O)OCC=C(C)CCCC(C)CCCC(C)CCCC(C)C)C(C4=O)C(=O)OC)C)C=O.[Mg+2]
CCC1=C(C2=NC1=CC3=C(C4=C([N-]3)C(=C5C(C(C(=N5)C=C6C(=C(C(=C2)[N-]6)C=C)C)C)CCC(=O)OCC=C(C)CCCC(C)CCCC(C)CCCC(C)C)C(C4=O)C(=O)OC)C)C=O.[Mg+2]
CCC1=C(C2=NC1=CC3=C(C4=C([N-]3)C(=C5C(C(C(=N5)C=C6C(=C(C(=C2)[N-]6)C=C)C)C)CCC(=O)OCC=C(C)CCCC(C)CCCC(C)CCCC(C)C)C(C4=O)C(=O)OC)C)C=O.[Mg+2]
CCC1=C2C=C3C(=C4C(=O)C(C(=C4[N-]3)C5=NC(=CC6=NC(=CC(=N2)C1=C[O-])C(=C6C)C=C)C(C5CCC(=O)OCC=C(C)CCCC(C)CCCC(C)CCCC(C)C)C)C(=O)OC)C.[Mg+2]
CCC1=C2C=C3C(=C4C(=O)C(C(=C4[N-]3)C5=NC(=CC6=NC(=CC(=N2)C1=C[O-])C(=C6C)C=C)C(C5CCC(=O)OCC=C(C)CCCC(C)CCCC(C)CCCC(C)C)C)C(=O)OC)C.[Mg+2]
CCC1=C2C=C3C(=C4C(=O)C(C(=C4[N-]3)C5=NC(=CC6=NC(=CC(=N2)C1=C[O-])C(=C6C)C=C)C(C5CCC(=O)OCC=C(C)CCCC(C)CCCC(C)CCCC(C)C)C)C(=O)OC)C.[Mg+2]"
T03	Pheophorbide a	"CCC1=C(C2=NC1=CC3=C(C4=C(C(C(=C5C(C(C(=CC6=NC(=C2)C(=C6C)C=C)N5)C)CCC(=O)O)C4=N3)C(=O)OC)O)C)C
CCC1=C(C2=NC1=CC3=C(C4=C(C(C(=C5C(C(C(=CC6=NC(=C2)C(=C6C)C=C)N5)C)CCC(=O)O)C4=N3)C(=O)OC)O)C)C"
T04	Pyropheophorbide a	CCC1=C(C2=NC1=CC3=C(C4=C(CC(=C5C(C(C(=CC6=NC(=C2)C(=C6C)C=C)N5)C)CCC(=O)O)C4=N3)O)C)C
T05	Pyropheophorbide a methyl ester	CCC1=C(C2=NC1=CC3=C(C4=C(CC(=C5C(C(C(=CC6=NC(=C2)C(=C6C)C=C)N5)C)CCC(=O)OC)C4=N3)O)C)C
T06	Chlorin e6	"CCC1=C(C2=CC3=C(C(=C(N3)C=C4C(C(C(=N4)C(=C5C(=C(C(=N5)C=C1N2)C)C(=O)O)CC(=O)O)CCC(=O)O)C)C)C=C)C
CCC1=C(C2=CC3=C(C(=C(N3)C=C4C(C(C(=N4)C(=C5C(=C(C(=N5)C=C1N2)C)C(=O)O)CC(=O)O)CCC(=O)O)C)C)C=C)C
CCC1=C(C2=CC3=C(C(=C(N3)C=C4C(C(C(=N4)C(=C5C(=C(C(=N5)C=C1N2)C)C(=O)O)CC(=O)O)CCC(=O)O)C)C)C=C)C"
T07	Purpurin 18	CCC1=C(C2=NC1=CC3=C(C4=C(N3)C(=C5C(C(C(=CC6=NC(=C2)C(=C6C)C=C)N5)C)CCC(=O)O)C(=O)OC4=O)C)C
T16	Bacteriochlorophyll a	"CCC1C(C2=CC3=C(C(=C([N-]3)C=C4C(C(C(=N4)C5=C6C(=C(C(=CC1=N2)[N-]6)C)C(=O)C5C(=O)OC)CCC(=O)OCC=C(C)CCCC(C)CCCC(C)CCCC(C)C)C)C)C(=O)C)C.[Mg+2]
CCC1C(C2=CC3=C(C(=C([N-]3)C=C4C(C(C(=N4)C5=C6C(=C(C(=CC1=N2)[N-]6)C)C(=O)C5C(=O)OC)CCC(=O)OCC=C(C)CCCC(C)CCCC(C)CCCC(C)C)C)C)C(=O)C)C.[Mg+2]
CCC1C(C2=CC3=C(C(=C(N3)C=C4C(C(C(=N4)C5=C6C(=C(C(=CC1=N2)N6)C)C(=O)C5C(=O)OC)CCC(=O)OCC=C(C)CCCC(C)CCCC(C)CCCC(C)C)C)C)C(=O)C)C"
